[{"id":0,"nickname":"superManager","password":"admin","status":1,"username":"admin"},{"id":202312001,"nickname":"manager202312001","password":"manager202312001","status":1,"username":"manager202312001"},{"address":"nanjing","id":202312002,"nickname":"hahaha","password":"hepeilin123456","phone":"13180440911","status":1,"username":"manager202312002"},{"address":"南京","id":202312003,"nickname":"zhuhubin617","password":"zhuhubin617","phone":"18257508085","status":1,"username":"manager202312003"}]