[{"address":"jhdasjfhajkhfjkahsfj","id":202312101120465564,"nickname":"zyh","password":"zyh970507","phone":"18051358775","status":1,"username":"zyh"},{"address":"南京","id":2023121214185498070,"nickname":"Will","password":"hpl123456","phone":"12334565678","status":1,"username":"2088722719"},{"address":"北京","id":2023121214185498070,"nickname":"Will","password":"hpl123456","phone":"12334565678","status":1,"username":"2088722719"},{"address":"南京","id":2023121423023622175,"nickname":"hello","password":"hepeilin123","phone":"13134678987","status":1,"username":"91444391"},{"address":"邢台","id":2023121423023622175,"nickname":"hello","password":"hepeilin123","phone":"13134678987","status":1,"username":"91444391"},{"address":"邢台","id":2023121423023622175,"nickname":"hello","password":"hepeilin123","phone":"13134678987","status":-1,"username":"91444391"},{"address":"南京","id":2023121423023622175,"nickname":"hello","password":"hepeilin123","phone":"13134678987","status":-1,"username":"91444391"}]